[
  {
    "id": "c0381e14-5866-4c5d-886f-59b9cd7be3f3",
    "data": [
      {
        "text": "When do you close ?",
        "userDefined": false
      }
    ],
    "isTemplate": false,
    "count": 0,
    "updated": 0
  },
  {
    "id": "d7ef0f5c-8e12-4f26-9114-9233995e3848",
    "data": [
      {
        "text": "Are you open ",
        "userDefined": false
      },
      {
        "text": "today",
        "alias": "date",
        "meta": "@sys.date",
        "userDefined": false
      },
      {
        "text": " ?",
        "userDefined": false
      }
    ],
    "isTemplate": false,
    "count": 0,
    "updated": 0
  },
  {
    "id": "eb6ffa91-772f-4204-9752-40cf1b30623e",
    "data": [
      {
        "text": "Are you open right now ?",
        "userDefined": false
      }
    ],
    "isTemplate": false,
    "count": 0,
    "updated": 0
  },
  {
    "id": "a64a9a05-4829-42fb-97b1-ac53e5d976d0",
    "data": [
      {
        "text": "What time do you open ?",
        "userDefined": false
      }
    ],
    "isTemplate": false,
    "count": 0,
    "updated": 0
  }
]