[
  {
    "id": "7e1e4188-8f17-4a2c-ace4-ee817b0069a5",
    "data": [
      {
        "text": "i want ",
        "userDefined": false
      },
      {
        "text": "one",
        "alias": "number",
        "meta": "@sys.number",
        "userDefined": false
      },
      {
        "text": " ",
        "userDefined": false
      },
      {
        "text": "vanilla",
        "alias": "flavour",
        "meta": "@flavour",
        "userDefined": false
      },
      {
        "text": " ",
        "userDefined": false
      },
      {
        "text": "milkshake",
        "alias": "drink",
        "meta": "@drink",
        "userDefined": false
      },
      {
        "text": " with ",
        "userDefined": false
      },
      {
        "text": "2%",
        "alias": "percentage",
        "meta": "@sys.percentage",
        "userDefined": false
      },
      {
        "text": " milk",
        "userDefined": false
      }
    ],
    "isTemplate": false,
    "count": 0,
    "updated": 0
  },
  {
    "id": "07e5db36-54df-423c-b7c0-04204d6726e9",
    "data": [
      {
        "text": "i want a ",
        "userDefined": false
      },
      {
        "text": "small",
        "alias": "size",
        "meta": "@size",
        "userDefined": false
      },
      {
        "text": " ",
        "userDefined": false
      },
      {
        "text": "strawberry",
        "alias": "flavour",
        "meta": "@flavour",
        "userDefined": false
      },
      {
        "text": " ",
        "userDefined": false
      },
      {
        "text": "smoothie",
        "alias": "drink",
        "meta": "@drink",
        "userDefined": false
      }
    ],
    "isTemplate": false,
    "count": 0,
    "updated": 0
  },
  {
    "id": "eba8386f-9d13-4005-b1ba-4b29be84fbe1",
    "data": [
      {
        "text": "two",
        "alias": "number",
        "meta": "@sys.number",
        "userDefined": false
      },
      {
        "text": " ",
        "userDefined": false
      },
      {
        "text": "large",
        "alias": "size",
        "meta": "@size",
        "userDefined": false
      },
      {
        "text": " ",
        "userDefined": false
      },
      {
        "text": "soy milk",
        "alias": "milk_type",
        "meta": "@milk_type",
        "userDefined": false
      },
      {
        "text": " ",
        "userDefined": false
      },
      {
        "text": "chocolate",
        "alias": "flavour",
        "meta": "@flavour",
        "userDefined": false
      },
      {
        "text": " ",
        "userDefined": false
      },
      {
        "text": "milkshake",
        "alias": "drink",
        "meta": "@drink",
        "userDefined": false
      }
    ],
    "isTemplate": false,
    "count": 0,
    "updated": 0
  },
  {
    "id": "6e578b60-c524-4d59-992e-1cc22a18101a",
    "data": [
      {
        "text": "i\u0027d like to order a ",
        "userDefined": false
      },
      {
        "text": "raspberry",
        "alias": "flavour",
        "meta": "@flavour",
        "userDefined": false
      },
      {
        "text": " ",
        "userDefined": false
      },
      {
        "text": "smoothie",
        "alias": "drink",
        "meta": "@drink",
        "userDefined": false
      },
      {
        "text": " please",
        "userDefined": false
      }
    ],
    "isTemplate": false,
    "count": 0,
    "updated": 0
  },
  {
    "id": "32309785-578e-4720-879a-e0b207d06d1d",
    "data": [
      {
        "text": "i would like a ",
        "userDefined": false
      },
      {
        "text": "mocha",
        "alias": "flavour",
        "meta": "@flavour",
        "userDefined": false
      },
      {
        "text": " ",
        "userDefined": false
      },
      {
        "text": "smoothie",
        "alias": "drink",
        "meta": "@drink",
        "userDefined": false
      }
    ],
    "isTemplate": false,
    "count": 0,
    "updated": 0
  }
]