[
  {
    "id": "2c9d075d-7acb-4242-a044-cfe9e867871c",
    "data": [
      {
        "text": "i want to know about ",
        "userDefined": false
      },
      {
        "text": "discipline",
        "alias": "topic",
        "meta": "@Topic",
        "userDefined": false
      }
    ],
    "isTemplate": false,
    "count": 0,
    "updated": 0
  },
  {
    "id": "2dfcb11f-da80-47f6-9b29-f8a82fafe597",
    "data": [
      {
        "text": "i need to know more about ",
        "userDefined": false
      },
      {
        "text": "discipline",
        "alias": "topic",
        "meta": "@Topic",
        "userDefined": false
      }
    ],
    "isTemplate": false,
    "count": 0,
    "updated": 0
  },
  {
    "id": "45f6cee2-1d85-4adb-b966-3f2b433b6556",
    "data": [
      {
        "text": "can you lookup ",
        "userDefined": false
      },
      {
        "text": "discipline",
        "alias": "topic",
        "meta": "@Topic",
        "userDefined": false
      }
    ],
    "isTemplate": false,
    "count": 0,
    "updated": 0
  },
  {
    "id": "89b2fb1f-258e-404e-a562-2b1cc2eb17ec",
    "data": [
      {
        "text": "tell me about ",
        "userDefined": false
      },
      {
        "text": "annual salary",
        "alias": "topic",
        "meta": "@Topic",
        "userDefined": false
      }
    ],
    "isTemplate": false,
    "count": 0,
    "updated": 0
  },
  {
    "id": "9ef46c50-a32b-40cf-b074-6c816abb2058",
    "data": [
      {
        "text": "what are ",
        "userDefined": false
      },
      {
        "text": "hours of work",
        "alias": "topic",
        "meta": "@Topic",
        "userDefined": false
      }
    ],
    "isTemplate": false,
    "count": 0,
    "updated": 0
  },
  {
    "id": "ab336dd9-4e9a-42fd-bc24-3a4de9a86747",
    "data": [
      {
        "text": "tell me about ",
        "userDefined": false
      },
      {
        "text": "discipline",
        "alias": "topic",
        "meta": "@Topic",
        "userDefined": false
      }
    ],
    "isTemplate": false,
    "count": 0,
    "updated": 0
  },
  {
    "id": "3921e65a-496b-478d-bc2e-27a7f6c45c63",
    "data": [
      {
        "text": "what is ",
        "userDefined": false
      },
      {
        "text": "discipline",
        "alias": "topic",
        "meta": "@Topic",
        "userDefined": false
      }
    ],
    "isTemplate": false,
    "count": 0,
    "updated": 0
  },
  {
    "id": "5f87cec8-e6eb-4fe8-967b-a9719a36744a",
    "data": [
      {
        "text": "where can i find about ",
        "userDefined": false
      },
      {
        "text": "discipline",
        "alias": "topic",
        "meta": "@Topic",
        "userDefined": false
      }
    ],
    "isTemplate": false,
    "count": 0,
    "updated": 0
  },
  {
    "id": "d4122405-f8ab-47c9-9041-3fb4a7f88250",
    "data": [
      {
        "text": "i\u0027d like to know about ",
        "userDefined": false
      },
      {
        "text": "discipline",
        "alias": "topic",
        "meta": "@Topic",
        "userDefined": true
      }
    ],
    "isTemplate": false,
    "count": 0,
    "updated": 0
  }
]